,location
0,Bond Street and Gould Street
1,Bond Street and Gould Street
2,Nelson Mandela Walk and Gerrard Street
3,Yonge Street and Gould Street
4,Yonge Street and Dundas Street
5,Jarvis Street and Dundas Street
6,Victoria Street and Dundas Street
7,Victoria Street and Dundas Street
8,Bond Street and Gould Street
9,Victoria Street and Dundas Street
10,Victoria Street and Dundas Street
11,Victoria Street and Dundas Street
12,Victoria Street and Dundas Street
13,Victoria Street and Dundas Street
14,Nelson Mandela Walk and Gould Street
15,Yonge Street and Dundas Street
16,Kerr Hall
17,Victoria Street and Dundas Street
18,Victoria Street and Dundas Street
19,Yonge Street and Gould Street
20,Victoria Street and Dundas Street
21,Church Street and Gould Street
22,Yonge Street and Elm Street
23,Victoria Street and Dundas Street
24,Nelson Mandela Walk and Gould Street
25,Kerr Hall
26,Victoria Street and Dundas Street
27,Yonge Street and Dundas Street
28,Victoria Street and Dundas Street
29,Victoria Street and Dundas Street
30,Victoria Street and Dundas Street
31,Church Street and Gould Street
32,Victoria Street and Dundas Street
33,Yonge Street and Dundas Street
34,Nelson Mandela Walk and Gould Street
35,Yonge Street and Dundas Street
36,Nelson Mandela Walk and Gerrard Street
37,Yonge Street and Dundas Street
38,Victoria Street and Dundas Street
39,Church Street and Gould Street
40,Victoria Street and Dundas Street
41,the Nelson Mandela Walk and Gould Street
42,Church Street and Gould Street
43,Victoria Street and Dundas Street
44,Victoria Street and Dundas Street
45,Church Street and Gould Street
46,Nelson Mandela Walk and Gould Street
47,Church Street and Gerrard Street
48,Bond Street and Gould Street
49,Recreation Athletics Centre
50,Nelson Mandela Walk and Gould Street
51,Church Street and Gould Street
52,Bond Street and Gould Street
53,Church Street and Dundas Street
54,Yonge Street and Dundas Street
55,Victoria Street and Dundas Street
56,Church Street and Dundas Street
57,Yonge Street and Gould Street
58,Victoria Street and Dundas Street
59,Mutual Street and Gould Street
60,Yonge Street and Dundas Street
61,Kerr Hall
62,Victoria Street and Dundas Street
63,Church Street and Gerrard Street
64,Yonge Street and Dundas Street
65,Bond Street and Dundas Street
66,Yonge Street and Dundas Street
67,Church Street and Gould Street
68,Yonge Street and Dundas Street
69,Bond Street and Gould Street
70,Victoria Street and Dundas Street
71,Church Street and Dundas Street
72,Nelson Mandela Walk and Gerrard Street
73,Victoria Street and Dundas Street
74,Church Street and Gerrard Street
75,Victoria Street and Dundas Street
76,Jarvis Street and Gerrard Street
77,Church Street and Gerrard Street
78,Kerr Hall
79,Yonge Street and Gould Street
80,Yonge Street and Dundas Street
81,Church Street and Dundas Street
82,Yonge Street and Gould Street
83,O’Keefe Lane and Gould Street
84,Victoria Street and Dundas Street
85,Yonge Street and Elm Street
86,Nelson Mandela Walk and Gould Street
87,Church Street and Dundas Street
88,Mutual Street and Gerrard Street
89,Victoria Street and Dundas Street
90,Yonge Street and Gould Street
91,Yonge Street and Gould Street
92,Victoria Street and Dundas Street
93,Bond Street and Gould Street
94,Victoria Street and Dundas Street
95,Victoria Street and Dundas Street
96,Yonge Street and College Street
97,Yonge Street and Gould Street
98,Victoria Street and Dundas Street
99,Yonge Street and Gould Street
100,Jarvis Street and Dundas Street
101,Victoria Street and Dundas Street
102,Yonge Street and Dundas Street
103,Yonge Street and Gould Street
104,Victoria Street and Dundas Street
105,Church Street and Carlton Street
106,O’Keefe Lane and Gould Street
107,O’Keefe Lane and Gould Street
108,Church Street and Gould Street
109,Bond Street and Dundas Street
110,Yonge Street and Gerrard Street
111,Yonge Street and Gould Street
112,Yonge Street and Gould Street
113,Yonge Street and Gerrard Street
114,Gold Street and Bond Street
115,Yonge Street and Gerrard Street
116,Mutual Street and Gerrard Street
117,Yonge Street and Gould Street
118,Yonge Street and Gould Street
119,Yonge Street and Gerrard Street
120,Victoria Street and Dundas Street
121,Yonge Street and Gould Street
122,Yonge Street and Gerrard Street
123,O’Keefe Lane and Gould Street
124,Yonge Street and Gould Street
125,Victoria Street and Dundas Street
126,Victoria Street and Dundas Street
127,Church Street and Gould Street
128,Yonge Street and Dundas Street
129,Nelson Mandela Walk and Gerrard Street
130,Yonge Street and Gerrard Street
131,Mutual Street and Gerrard Street
132,Yonge Street and Gould Street
133,Yonge Street and Gould Street
134,Yonge Street and Gould Street
135,Yonge Street and Gould Street
136,Yonge Street and Dundas Street
137,Yonge Street and Gerrard Street
138,Nelson Mandela Walk and Gerrard Street
139,Church Street and Gould Street
140,Yonge Street and Dundas Street
141,Nelson Mandela Walk and Gerrard Street
142,Online
143,Yonge Street and Dundas Street
144,Yonge Street and Gerrard Street
145,Nelson Mandela Walk and Gerrard Street
146,Bond Street and Gould Street
147,Yonge Street and Gould Street
148,Nelson Mandela Walk and Gerrard Street
149,Victoria Street and Dundas Street
150,Yonge Street and Gould Street
151,Mutual Street and Dundas Street
152,Yonge Street and Gould Street
153,Church Street and Gerrard Street
154,Bond Street and Gould Street
155,Mutual Street and Gerrard Street
156,Kerr Hall
157,Bond Street and Gould Street
158,Yonge Street and Gould Street
159,Victoria Street and Dundas Street
160,Nelson Mandela Walk and Gerrard Street
161,Yonge Street and Gould Street
162,Victoria Street and Dundas Street
163,Yonge Street and Gould Street
164,Yonge Street and Gerrard Street
165,Nelson Mandela Walk and Gerrard Street
166,Bond Street and Gould Street
167,Bond Street and Gould Street
168,Yonge Street and Gould Street
169,Victoria Street and Dundas Street
170,Bond Street and Gould Street
171,Victoria Street and Dundas Street
172,Yonge Street and Gould Street
173,Yonge Street and Gould Street
174,Yonge Street and Gould Street
175,Yonge Street and Gould Street
176,Kerr Hall
177,Yonge Street and Gould Street
178,Nelson Mandela Walk and Gould Street
179,Nelson Mandela Walk and Gerrard Street
180,Victoria Street and Dundas Street
181,Yonge Street and Gould Street
182,Victoria Street and Dundas Street
183,Church Street and Gould Street
184,O’Keefe Lane and Gould Street
185,Yonge Street and Gould Street
186,Nelson Mandela Walk and Gould Street
187,Church Street  and Dundas Street
188,Yonge Street and Gould Street
189,Yonge Street and Gould Street
190,Victoria Street and Dundas Street
191,Nelson Mandela Walk and Gerrard Street
192,O’Keefe Lane and Gould Street
193,Victoria Street and Dundas Street
194,Bond Street and Gould Street
195,Nelson Mandela Walk and Gould Street
196,Nelson Mandela Walk and Gerrard Street
197,Victoria Street and Dundas Street
198,Yonge Street and  Gould Street
199,Church Street and Gould Street
200,Mutual Street and Gould Street
201,Nelson Mandela Walk and Gould Street
202,Yonge Street and Gould Street
203,Yonge Street and Gould Street
204,Mutual Street and Gould Street
205,Yonge Street and Dundas Street
206,Church Street and Dundas Street
207,Bond Street and Gould Street
208,Bond Street and Gould Street
209,Nelson Mandela Walk and Gould Street
210,Yonge Street and Gould Street
211,O’Keefe Lane and Gould Street
212,Bond Street and Gould Street
213,Kerr Hall
214,Mutual Street and Dundas Street
215,Victoria Street and Dundas Street
216,Victoria Street and Dundas Street
217,Victoria Street and Dundas Street
218,Nelson Mandela Walk and Gerrard Street
219,Bond Street and Gould Street
220,Victoria Street and Dundas Street
221,Victoria Street and Dundas Street
222,Victoria Street and Dundas Street
223,Victoria Street and Dundas Street
224,Yonge Street and Gould Street
225,Yonge Street and Gould Street
226,Victoria Street and Dundas Street
227,Nelson Mandela Walk and Gerrard Street
228,Yonge Street and Gould Street
229,Nelson Mandela Walk and Gould Street
230,Yonge Street and Gould Street
231,Victoria Street and Dundas Street
232,Victoria Street and Dundas Street
233,Nelson Mandela Walk and Gould Street 
234,Yonge Street and Gould Street 
235,Yonge Street and Dundas Street
236,Nelson Mandela Walk and Gerrard Street
237,Church Street and Gerrard Street
238,Victoria Street and Dundas Street
239,Nelson Mandela Walk and Gerrard Street
240,Yonge Street and Dundas Street
241,Victoria Street and Dundas Street
242,Church Street and Dundas Street
243,Church Street and Carlton Street
244,Nelson Mandela Walk and Gerrard Street
245,Victoria Street and Dundas Street
246,O’Keefe Lane and Gould Street
247,Yonge Street and Gould Street
248,Victoria Street and Dundas Street
249,Church Street and Gould Street
250,Victoria Street and Dundas Street
251,Kerr Hall
252,Victoria Street and Dundas Street
253,Church Street and Gerrard Street
254,Yonge Street and Dundas Street
255,Victoria Street and Dundas Street
256,Yonge Street and Dundas Street
257,Yonge Street and Gould Street
258,Victoria Street and Dundas Street
259,Nelson Mandela Walk
260,Victoria Street and Dundas Street
261,Mutual Street and Gould Street
262,Nelson Mandela Walk and Gerrard Street
263,Church Street and Dundas Street
264,Bond Street and Dundas Street
265,Victoria Street and Dundas Street
266,Yonge Street  and Gould Street
267,Bond Street and Gould Street
268,Yonge Street  and Gould Street
269,Nelson Mandela Walk and Gould Street 
270,Victoria Street and Dundas Street
271,Victoria Street and Dundas Street
272,Church Street and Gerrard Street
273,Nelson Mandela Walk
274,Yonge Street and Gould Street
275,Bond Street and Dundas Street
276,Yonge Street and Gould Street
277,Victoria Street and Dundas Street
278,O’Keefe Lane and Gerrard Street
279,Mutual Street and Gould Street
280,Kerr Hall
281,Victoria Street and Dundas Street
282,Kerr Hall
283,Victoria Street and Dundas Street
284,Yonge Street and Gould Street
285,Yonge Street and Dundas Street
286,Nelson Mandela Walk and Gould Street
287,Victoria Street and Dundas Street
288,Victoria Street and Dundas Street
289,Yonge Street and Gould Street
290,Jarvis Street and Dundas Street
291,Bond Street and Dundas Street
292,Victoria Street and Dundas Street
293,Victoria Street and Dundas Street
294,Kerr Hall
295,Yonge Street and Gould Street
296,Mutual Street and Gould Street
297,Jarvis Street and Gerrard Street
298,Church Street and Dundas Street
299,Church Street and Gould Street
300,Yonge Street and Gould Street
301,Yonge Street and Gould Street
302,Church Street and Granby Street
303,Yonge Street  and Gould Street
304,Kerr Hall
305,Yonge Street and Dundas Street
306,Victoria Street and Dundas Street
307,Nelson Mandela Walk and Gerrard Street
308,Yonge Street and College Street
309,Bond Street and Gould Street
310,Church Street and Gould Street
311,Mutual Street and Gould Street
312,Dalhousie Street and Gould Street
313,Victoria Street and Dundas Street
314,Yonge Street and Gould Street
315,Church Street and Gould Street
316,Yonge Street and Dundas Street
317,Kerr Hall
318,Yonge Street and Gould Street
319,Church Street and Gould Street 
320,Bond Street and Dundas Street 
321,Victoria Street and Dundas Street
322,Kerr Hall
323,Nelson Mandela Walk and Gould Street
324,Victoria Street and Dundas Street
325,Yonge Street and Dundas Street
326,Church Street and Gould Street
327,Church Street and Gould Street
328,O’Keefe Lane and Gould Street
329,O’Keefe Lane and Gould Street
330,Yonge Street and Dundas Street
331,Yonge Street and Gould Street
332,Yonge Street and Gould Street
333,Yonge Street and Elm Street
334,Victoria Street and Dundas Street
335,Yonge Street and Gould Street
336,Victoria Street and Dundas Street
337,Victoria Street and Dundas Street
338,Victoria Street and Dundas Street
339,Bond Street and Gould Street
340,Bond Street and Gould Street
341,Nelson Mandela Walk and Gould Street
342,Yonge Street and Gould Street
343,Yonge Street and Dundas Street
344,Victoria Street and Dundas Street
345,Victoria Street and Dundas Street
346,Victoria Street and Dundas Street
347,Yonge Street and Gould Street
348,Kerr Hall
349,Church Street and Dundas Street
350,Yonge Street and Gould Street
351,Victoria Street and Dundas Street
352,Yonge Street and Gould Street
353,Victoria Street and Dundas Street
354,Bond Street and Gould Street
355,Kerr Hall
356,Victoria Street and Dundas Street
357,Victoria Street and Dundas Street
358,Yonge Street and Gould Street
359,Mutual Street and Gerrard Street
360,Yonge Street and Gerrard Street
361,Bay Street and Dundas Street
362,Bond Street  and Gould Street
363,Yonge Street and Dundas Street
364,Victoria Street and Dundas Street
365,Nelson Mandela Walk and Gerrard Street
366,Victoria Street and Dundas Street
367,Bond Street and Gould Street
368,Yonge Street and Dundas Street
369,Church Street and Gould Street
370,Bond Street and Gould Street 
371,Kerr Hall
372,Kerr Hall
373,Mutual Street and Gould Street
374,Victoria Street and Dundas Street
375,Victoria Street and Dundas Street
376,Kerr Hall
377,Yonge Street and Gould Street
378,Victoria Street and Dundas Street
379,Yonge Street and Gould Street
380,Bond Street and Gould Street
381,Kerr Hall
382,Church Street and Gerrard Street
383,Online
384,Church Street and Dundas Street
385,Church Street and Gerrard Street
386,Victoria Street and Dundas Street
387,Bond Street and Gould Street
388,Yonge Street and Gould Street
389,Mutual Street and Gould Street
390,Bond Street and Gould Street
391,Victoria Street and Dundas Street
392,Yonge Street and Gould Street
393,Church Street and Gould Street
394,Kerr Hall
395,Kerr Hall
396,Church Street and Gould Street
397,O’Keefe Lane and Gould Street
398,Kerr Hall
399,Victoria Street and Dundas Street
400,Yonge Street and Dundas Street
401,Yonge Street and Dundas Street
402,Yonge Street and Dundas Street
403,Victoria Street and Dundas Street
404,Bond Street and Gould Street
405,Church Street and Carlton Street
406,Victoria Street and Dundas Street
407,Victoria Street and Dundas Street
408,Nelson Mandela Walk and Gould Street
409,Victoria Street and Dundas Street
410,Yonge Street and Dundas Street
411,Yonge Street and Gould Street
412,O’Keefe Lane and Gould Street
413,Mutual Street and Gould Street
414,Kerr Hall
415,Victoria Street and Dundas Street
416,Bond Street and Dundas Street
417,Church Street and Gerrard Street
418,Victoria Street and Dundas Street
419,Victoria Street and Dundas Street
420,Mutual Street and Gerrard Street
421,Church Street and Gould Street
422,Victoria Street and Dundas Street
423,Bond Street and Gould Street
424,Victoria Street and Dundas Street
425,Victoria Street and Dundas Street
426,Yonge Street and Gould Street
427,Nelson Mandela Walk and Gerrard Street
428,Victoria Street and Dundas Street
429,Yonge Street and Gould Street
430,Nelson Mandela Walk and Gerrard Street
431,Bond Street and Gould Street
432,Victoria Street and Dundas Street
433,Victoria Street and Dundas Street
434,Bond Street and Gould Street
435,Nelson Mandela Walk and Gould Street
436,Yonge Street and Dundas Street
437,Nelson Mandela Walk and Gerrard Street
438,Yonge Street and Gould Street
439,Victoria Street and Dundas Street
440,O’Keefe Lane and Gerrard Street
441,Victoria Street and Dundas Street
442,Nelson Mandela Walk and Gerrard Street
443,Victoria Street and Dundas Street
444,Victoria Street and Dundas Street
445,Church Street and Carlton Street
446,Victoria Street and Dundas Street
447,Victoria Street and Dundas Street
448,Victoria Street and Dundas Street
449,Church Street and Dundas Street
450,Bond Street and Gould Street
451,Victoria Street and Dundas Street
452,Victoria Street and Dundas Street
453,Victoria Street and Dundas Street
454,Bond Street and Gould Street
455,Victoria Street and Dundas Street
456,Church Street and Gerrard Street
457,Yonge Street and College Street
458,Bond Street and Gould Street
459,Yonge Street and Gould Street
460,Church Street and Gerrard Street
461,Kerr Hall
462,Yonge Street and Dundas Street
463,Victoria Street and Dundas Street
464,Church Street and Dundas Street
465,Victoria Street and Dundas Street
466,Victoria Street and Dundas Street
467,Church Street and Gould Street
468,Church Street and Gerrard Street
469,Victoria Street and Dundas Street
470,Church Street and Gould Street
471,Bond Street and Gould Street
472,Yonge Street and Gould Street
473,Victoria Street and Dundas Street
474,Jarvis Street and Dundas Street
475,Victoria Street and Dundas Street
476,Victoria Street and Dundas Street
477,Victoria Street and Dundas Street
478,Mutual Street and Gerrard Street
479,Bond Street and Dundas Street 
480,Nelson Mandela Walk  and Gerrard Street
481,Bond Street and Dundas Street
482,Victoria Street and Dundas Street
483,Victoria Street and Dundas Street
484,Yonge Street and Gould Street
485,Bond Street and Dundas Street
486,Kerr Hall
487,Kerr Hall
488,Kerr Hall
489,Victoria Street and Dundas Street
490,Bond Street and Dundas Street
491,Victoria Street and Dundas Street
492,Kerr Hall
493,Victoria Street and Dundas Street
494,Bond Street and Dundas Street
495,Jarvis Street and Dundas Street
496,Nelson Mandela Walk and Gerrard Street
497,Bond Street and Gould Street
498,Victoria Street and Dundas Street
499,Kerr Hall
500,Nelson Mandela Walk and Gould Street
501,Yonge Street and Gould Street
502,Victoria Street and Dundas Street
503,Victoria Street and Dundas Street
504,Bond Street and Gould Street
505,Bond Street and Gould Street
506,Nelson Mandela Walk and Gould Street
507,Yonge Street and Gould Street
508,Victoria Street and Dundas Street
509,Nelson Mandela Walk and Gould Street 
510,Church Street and Dundas Street
511,Yonge Street and Gould Street
512,Yonge Street and Gould Street
513,Nelson Mandela Walk and Gould Street
514,Victoria Street and Dundas Street
515,Dalhousie Street and Gould Street
516,Victoria Street and Dundas Street
517,Yonge Street and Dundas Street
518,Church Street and Gerrard Street
519,Bond Street and Dundas Street
520,Yonge Street and Gould Street
521,Victoria Street and Dundas Street
522,Victoria Street and Dundas Street
523,Bond Street and Gould Street
524,Victoria Street and Dundas Street
525,O’Keefe Lane and Gould Street
526,Bond Street and Dundas Street
527,Church Street and Gould Street
528,Church Street and Granby Street
529,Jarvis Street and Gerrard Street
530,Victoria Street and Dundas Street
531,Yonge Street and Carlton Street
532,Bond Street and Gould Street
533,Bond Street and Gould Street
534,Victoria Street and Dundas Street
535,Nelson Mandela Walk and Gould Street
536,Yonge Street and Dundas Street
537,Bond Street and Gould Street
538,Victoria Street and Dundas Street
539,Yonge Street and Dundas Street
540,O’Keefe Lane and Gould Street
541,Church Street and Gould Street
542,Yonge Street and Gould Street
543,Church Street and Gerrard Street
544,Yonge Street and Gould Street
545,Victoria Street and Dundas Street
546,Victoria Street and Dundas Street
547,Church Street and Dundas Street
548,Church Street and Gould Street
549,Nelson Mandela Walk and Gerrard Street 
550,Church Street and Gould Street
551,Bond Street and Gould Street
552,Mutual Street and Gould Street
553,Church Street and Mutual Street
554,Bond Street and Gould Street
555,Mutual Street and Dundas Street
556,Yonge Street and Gerrard Street
557,Victoria Street and Dundas Street
558,Nelson Mandela Walk and Gould Street
559,Mutual Street and Gould Street
560,Church Street and Carlton Street
561,Mutual Street and Gerrard Street
562,Victoria Street and Dundas Street
563,Church Street and Gerrard Street
564,Church Street and Gould Street
565,Victoria Street and Dundas Street
566,Nelson Mandela Wak and Gerrard Street
567,Victoria Street and Dundas Street
568,Church Street and Gould Street
569,Church Street and Carlton Street
570,Yonge Street and College Street
571,Yonge Street and Gould Street
572,Yonge Street and Gerrard Street
573,Victoria Street and Dundas Street
574,Victoria Street and Dundas Street
575,Yonge Street and Gerrard Street
576,Victoria Street and Dundas Street
577,Victoria Street and Dundas Street
578,Victoria Street and Dundas Street
579,Yonge Street and Dundas Street
580,Yonge Street and Gould Street
581,O’Keefe Lane and Gerrard Street
582,Yonge Street and Gould Street
583,Bond Street and Dundas Street
584,Bond Street and Gould Street
585,Yonge Street and Gould Street
586,Bond Street and Gould Street
587,Kerr Hall
588,Yonge Street and Gould Street
589,Yonge Street and Gould Street
590,Yonge Street and Gould Street
591,Yonge Street and Elm Street
592,Yonge Street and Gould Street
593,Victoria Street and Dundas Street
594,Church Street and Gould Street
595,Mutual Street and Gould Street
596,Yonge Street and Gould Street
597,Yonge Street and Dundas Street
598,Yonge Street and Dundas Street
599,Victoria Street and Dundas Street
600,Yonge Street and Gould Street
601,Victoria Street and Dundas Street
602,Mutual Street and Gerrard Street
603,Victoria Street and Dundas Street
604,Church Street and Gerrard Street
605,Victoria Street and Dundas Street
606,Dalhousie Street and Dundas Street
607,O'Keefe Lane and Gerrard Street
608,Victoria Street and Dundas Street
609,Victoria Street and Dundas Street
610,Nelson Mandela Walk and Gould Street
611,Yonge Street and Gould Street
612,Victoria Street and Dundas Street
613,Yonge Street and Gould Street
614,Yonge Street and Dundas Street
615,Kerr Hall
616,Nelson Mandela Walk and Gould Street
617,Victoria Street and Dundas Street
618,Victoria Street and Dundas Street
619,Yonge Street and Gould Street
620,Yonge Street and Gould Street
621,Victoria Street and Gould Street
622,Nelson Mandela Walk and Gould Street
623,Yonge Street and Dundas Street
624,Yonge - Dundas Square
625,Yonge Street and Dundas Street
626,Church Street and Gerrard Street
627,Kerr Hall
628,Victoria Street and Dundas Street
629,Victoria Street and Dundas Street
630,Yonge Street and Gould Street
631,Yonge Street and Gerrard Street
632,Victoria Street and Dundas Street
633,Bond Street and Gould Street
634,Kerr Hall
635,Nelson Mandela Walk and Gould Street
636,Victoria Street and Dundas Street
637,Victoria Street and Dundas Street
638,Victoria Street and Dundas Street
639,Victoria Street and Dundas Street
640,Yonge Street and Gould Street
641,Yonge Street and Dundas Street
642,Yonge - Dundas Square building
643,Victoria Street and Dundas Street
644,Yonge Street and Dundas Street
645,Victoria Street and Dundas Street
646,Victoria Street and Dundas Street
647,Church Street and Gould Street
648,Jarvis Street and NA
649,Kerr Hall
650,Victoria Street and Dundas Street
651,Bond Street and Gould Street
652,Nelson Mandela Walk and Gould Street
653,Nelson Mandela Walk and Gould Street
654,Victoria Street and Dundas Street
655,Church Street and Gould Street
656,Nelson Mandela Walk and Gould Street
657,Yonge Street and Dundas Street
658,Yonge Street and Gould Street
659,Kerr Hall
660,Nelson Mandela Walk and Gould Street
661,Dalhousie Street and Gould Street
662,Church Street and Carlton Street
663,Nelson Mandela Walk and Gould Street
664,Yonge Street and College Street
665,Nelson Mandela Walk and Gould Street
666,Dalhousie Street and Gould Street
667,Yonge Street and Gould Street
668,Kerr Hall
669,Yonge Street and Dundas Street
670,Yonge Street and Dundas Street
671,Nelson Mandela Walk and Gould Street
672,Yonge Street and Gould Street
673,Yonge Street and Gould Street
674,Yonge Street and Gould Street
675,Rogers Communication Centre
676,Nelson Mandela Walk and Gould Street
677,Victoria Street and Dundas Street
678,Victoria Street and Dundas Street
679,Yonge Street and Gould Street
680,Yonge Street and Dundas Street
681,Yonge Street and Gould Street
682,Yonge Street and Gould Street
683,Yonge Street and Gould Street
684,Victoria Street and Dundas Street
685,Church Street and Gould Street
686,Yonge Street and Gould Street
687,Bond Street and Gould Street
688,Church Street and Gould Street
689,Dalhousie Street and Gould Street
690,Yonge Street and Dundas Street
691,Victoria Street and Dundas Street
692,Yonge Street and Bay Street
693,Yonge Street and Gould Street 
694,Victoria Street and Dundas Street
695,Victoria Street and Dundas Street
696,Mutual Street and Gerrard Street
697,O’Keefe Lane and Gerrard Street
698,Yonge Street and Dundas Street
699,Nelson Mandela Walk and Gould Street
700,Victoria Street and Dundas Street
701,Victoria Street and Dundas Street
702,Victoria Street and Dundas Street
703,Nelson Mandela Walk and Gould Street
704,Kerr Hall
705,Bond Street and Gould Street
706,Jarvis Street and Dundas Street
707,Victoria Street and Dundas Street
708,Recreational and Athletics Centre
709,Victoria Street and Dundas Street
710,Yonge Street and Gerrard Street
711,Church Street and Carlton Street
712,Victoria Street and Dundas Street
713,Church Street and Gould Street
714,Victoria Street and Dundas Street
715,Mutual Street and Gerrard Street
716,Victoria Street and Dundas Street
717,Victoria Street and Dundas Street
718,Yonge Street and Elm Street
719,Victoria Street and Dundas Street
720,Victoria Street and Dundas Street
721,Victoria Street and Dundas Street
722,Yonge Street and Gould Street
723,Yonge Street and Gould Street
724,Yonge Street and Dundas Street
725,Yonge Street and Gould Street
726,Victoria Street and Dundas Street
727,Yonge Street and Gould Street
728,Yonge Street and Gould Street
729,Victoria Street and Dundas Street
730,Mutual Street and Gerrard Street
731,Yonge Street and Gould Street
732,Mutual Street and Gould Street
733,Nelson Mandela Walk and Gould Street
734,Victoria Street and Dundas Street
735,Church Street and Gould Street
736,Victoria Street and Dundas Street
737,Victoria Street and Dundas Street
738,Victoria Street and Dundas Street
739,Victoria Street and Dundas Street
740,Yonge Street and Gould Street
741,Yonge Street and Gould Street
742,Yonge Street and Gould Street
743,Victoria Street and Dundas Street
744,Victoria Street and Dundas Street
745,Yonge Street and Gould Street
746,Victoria Street and Dundas Street
747,Victoria Street and Dundas Street
748,Yonge Street and Gould Street
749,Nelson Mandela Walk and Gould Street
750,Kerr Hall
751,Nelson Mandela Walk and Gould Street
752,Victoria Street and Dundas Street
753,Bond Street and Gould Street
754,Yonge Street and Dundas Street
755,Church Street and Carlton Street
756,Yonge Street and Gould Street
757,Yonge Street and Gould Street
758,Bay Street and Dundas Street
759,Yonge Street and College Street
760,Victoria Street and Dundas Street
761,Yonge Street and College Street
762,Yonge Street and Gould Street
763,Victoria Street and Dundas Street
764,Yonge Street and Gerrard Street
765,O’Keefe Lane and Gould Street
766,Yonge Street and Gould Street
767,Yonge Street and Gould Street
768,Yonge Street and Dundas Street
769,Church Street and Gerrard Street 
770,Church Street and Carlton Street
771,Yonge Street and Gerrard Street
772,Yonge Street and Gould Street
773,Yonge Street and Gould Street
774,Bond Street and Dundas Street
775,Victoria Street and Dundas Street
776,Victoria Street and Dundas Street
777,Church Street and Gerrard Street
778,Yonge Street and Gould Street
779,Yonge Street and Gerrard Street
780,Yonge Street and Gould Street
781,Yonge Street and Gould Street
782,Yonge Street and Gerrard Street
783,Yonge Street and Gould Street
784,Church Street and Gould Street
785,Yonge Street and Gould Street
786,Victoria Street and Dundas Street
787,Church Street and Gerrard Street
788,Church Street and Gerrard Street
789,Yonge Street and Dundas Street
790,Kerr Hall
791,Church Street and Gould Street
792,Nelson Mandela Walk and Gould Street
793,Victoria Street and Dundas Street
794,Yonge Street and Gould Street
795,Church Street and Carlton Street
796,Victoria Street and Dundas Street
797,Yonge Street and Gould Street
798,Kerr Hall
799,Yonge Street and Gould Street
800,Yonge Street and Gould Street
801,Dalhousie Street and Gould Street
802,Victoria Street and Dundas Street
803,Bond Street and Dundas Street
804,Yonge Street and Gould Street
805,Yonge Street and Gould Street
806,Mutual Street and Dundas Street
807,Yonge Street and Dundas Street
808,Yonge Street and Gould Street
809,Yonge Street and Dundas Street
810,Victoria Street and Dundas Street
811,Victoria Street and Dundas Street
812,Victoria Street and Dundas Street
813,Yonge Street and Gould Street
814,Nelson Mandela Walk and Gould Street
815,Church Street and Gould Street
816,Kerr Hall
817,Church Street and Gerrard Street
818,Church Street and Gould Street
819,Yonge Street and Gould Street
820,Mutual Street and Gerrard Street
821,Bond Street and Gould Street
822,Church Street and Gerrard Street
823,Mutual Street and Gerrard Street
824,Yonge Street and Gould Street
825,Yonge Street and Gould Street
826,Church Street and Carlton Street
827,Victoria Street and Dundas Street
828,Yonge Street and Gould Street
829,Victoria Street and Dundas Street
830,Nelson Mandela Walk and Gould Street
831,Church Street and Dundas Street
832,Victoria Street and Dundas Street
833,Mutual Street and Gould Street
834,Victoria Street and Dundas Street
835,Church Street and Gerrard Street
836,Yonge Street and Gould Street
837,Victoria Street and Dundas Street
838,Victoria Street and Dundas Street
839,Yonge Street and Gerrard Street
840,Jarvis Street and Dundas Street
841,Church Street and Gould Street
842,Victoria Street and Dundas Street
843,Yonge Street and Dundas Street
844,Yonge Street and Gould Street
845,Nelson Mandela Walk and Gould Street
846,Bond Street and Gould Street
847,Jarvis Street and Dundas Street
848,Victoria Street and Dundas Street
849,Dalhousie Street and Gould Street
850,Yonge Street and Gould Street
851,Mutual Street and Gerrard Street
852,Yonge Street and Dundas Street
853,Yonge Street and Gould Street
854,Yonge Street and Gerrard Street
855,Yonge Street and Elm Street
856,Yonge Street and Gould Street
857,Victoria Street and Dundas Street
858,O’Keefe Lane and Gould Street
859,Yonge Street and Gerrard Street
860,Yonge Street and Gould Street
861,Yonge Street and Gould Street
862,Kerr Hall
863,Church Street and Carlton Street
864,Nelson Mandela Walk and Gould Street
865,Bond Street and Gould Street
866,Yonge Street and Gould Street
867,Nelson Mandela Walk and Gould Street
868,Victoria Street and Dundas Street
869,Nelson Mandela Walk and Gould Street
870,Bond Street and Gould Street
